Customer ID,First Name,Last Name,Company Name,Contact Number
c0001,John,Doe,ABC Company,5123456789
c0002,Jane,Smith,XYZ Corporation,7123456789
c0003,Michael,Johnson,Acme Inc.,9123456787
c0004,Emily,Williams,Beta Technologies,3123456789
c0005,David,Brown,Gamma Enterprises,4123456789
c0006,Sarah,Miller,Delta Solutions,6123456789
c0007,Daniel,Wilson,Epsilon Group,8123456789
c0008,Jessica,Moore,Zeta Industries,2123456789
c0009,Matthew,Taylor,Iota Enterprises,9123456783
c0010,Emma,Anderson,Theta Corporation,4123456786
c0011,Olivia,Martinez,Kappa Systems,7123456784
c0012,William,Garcia,Sigma Technologies,5123456782
c0013,Sophia,Lopez,Omega Inc.,2123456785
c0014,James,Hernandez,Nu Company,7123456780
c0015,Ava,Gonzalez,Mu Corporation,6123456783
c0016,Alexander,Perez,Pi Solutions,9123456781
c0017,Mia,Torres,Lambda Group,3123456784
c0018,Ethan,Ramirez,Delta Corp.,8123456785
c0019,Charlotte,Flores,Epsilon Tech,1123456786
c0020,Amelia,Washington,Gamma Enterprises,4123456780
c0021,Benjamin,Hall,Theta Corporation,5123456783
c0022,Chloe,Young,Kappa Systems,6123456781
c0023,Jacob,Scott,Sigma Technologies,7123456784
c0024,Grace,Diaz,Omega Inc.,8123456787
c0025,Luke,Wright,Nu Company,9123456780
c0026,Lily,Green,Mu Corporation,2123456786
c0027,Logan,King,Pi Solutions,3123456780
c0028,Zoe,Hill,Lambda Group,4123456783
c0029,Ryan,Adams,Delta Corp.,5123456785
c0030,Natalie,Baker,Epsilon Tech,7123456787
c0031,Elijah,Ward,Gamma Enterprises,9123456789
c0032,Layla,Brooks,Theta Corporation,1123456782
c0033,Jack,Rivera,Kappa Systems,2123456784
c0034,Hannah,Mitchell,Sigma Technologies,4123456786
c0035,Davidson,Price,Omega Inc.,6123456789
c0036,Piper,Hughes,Nu Company,8123456783
c0037,Blake,Long,Mu Corporation,3123456785
c0038,Violet,Reed,Pi Solutions,5123456787
c0039,Jameson,Cruz,Lambda Group,7123456789
c0040,Riley,West,Delta Corp.,9123456781
c0041,Everly,Collins,Epsilon Tech,1123456784
c0042,Easton,Stewart,Gamma Enterprises,3123456787
c0043,Julia,Sullivan,Theta Corporation,5123456789
c0044,Maxwell,Evans,Kappa Systems,7123456783
c0045,Madeline,Ross,Sigma Technologies,9123456786
c0046,Bentley,Roberts,Omega Inc.,1123456789
c0047,Naomi,Foster,Nu Company,2123456782
c0048,Lincoln,Alexander,Mu Corporation,4123456784
c0049,Kinsley,Simmons,Pi Solutions,6123456787
c0050,Austin,Barnes,Lambda Group,8123456789
c0051,Nova,Henderson,Delta Corp.,1123456782
c0052,Ellie,Gray,Epsilon Tech,2123456785
c0053,Braxton,Watson,Gamma Enterprises,4123456789
c0054,Kennedy,Bryant,Theta Corporation,5123456783
c0055,Jax,Hamilton,Kappa Systems,7123456786
c0056,Raelynn,Park,Sigma Technologies,9123456789
c0057,Beckett,West,Omega Inc.,2123456783
c0058,June,Cole,Nu Company,3123456786
c0059,Maverick,Bishop,Mu Corporation,5123456789
c0060,Sienna,Saunders,Pi Solutions,7123456782
c0061,Coleman,Tate,Lambda Group,9123456784
c0062,Eliza,Welch,Delta Corp.,1123456787
c0063,Bryce,Cameron,Epsilon Tech,2123456789
c0064,Finley,Collins,Gamma Enterprises,3123456783
c0065,Sawyer,Flynn,Theta Corporation,4123456786
c0066,Hope,Patel,Kappa Systems,5123456789
c0067,Gemma,Hogan,Sigma Technologies,7123456782
c0068,Knox,Goodman,Omega Inc.,9123456784
c0069,Camilla,Reyes,Nu Company,1123456787
c0070,Kai,Huffman,Mu Corporation,2123456789
c0071,Anastasia,Stevens,Pi Solutions,3123456783
c0072,Drew,Osborne,Lambda Group,4123456786
c0073,Skyler,Gallagher,Delta Corp.,5123456789
