Dataset ID,Dataset Name
ds001, Retail_Sales_Data
ds002, Customer_Churn_Analysis
ds003, Stock_Market_Prices
ds004, Employee_Satisfaction_Survey
ds005, Marketing_Campaign_Performance
ds006, Hospital_Admissions_Data
ds007, Weather_Patterns
ds008, Product_Reviews
ds009, Traffic_Accident_Reports
ds010, Movie_Ratings_Dataset
ds011, Student_Performance_Data
ds012, Credit_Card_Fraud_Detection
ds013, Housing_Market_Prices
ds014, Flight_Delay_Statistics
ds015, Restaurant_Reviews
ds016, Energy_Consumption_Patterns
ds017, Social_Media_Sentiment_Analysis
ds018, Car_Sales_Data
ds019, Cybersecurity_Incident_Reports
ds020, Economic_Indicators
ds021, COVID-19_Vaccination_Rates
ds022, Mobile_App_Usage_Data
ds023, Wildlife_Population_Statistics
ds024, Music_Streaming_Trends
ds025, Election_Voting_Results
ds026, E-commerce_Transactions
ds027, Gym_Membership_Statistics
ds028, Renewable_Energy_Output
ds029, Historical_Stock_Performance
